listing,price,brand,size
Women's Colorblock Backpack in Black and Blush,12.0,Deluxity Los Angeles,OS
Vintage Southwest Tapestry Handbag with Wood Handles,25.0,Vintage,OS
La Regale Vintage Shimmering Black Evening Bag,17.0,La Regale,OS
Juicy couture juicy romance wallet,35.0,Juicy Couture,See photos
Coach Tall Studio Crossbody C8484 NEW,155.0,Coach,OS
NEW Prada Jacquard Logo Bucket Black Canvas Tote Crossbody Bag,1650.0,Prada,OS
Etienne Aigner Women's Genuine Leather Dual Handle Straps Shoulder Bag Black,50.0,Etienne Aigner,OS
Nanette Lepore Black Faux Suede Wristlet Crossbody Wallet Minimalist Chic Core,24.0,Nanette Lepore,OS
New Catherine Manuell Design Wallet,10.0,Catherine Manuell,"4-1/2"" x 6-1/4"" when closed"
"American Airlines Raven + Lily little bag, no straps",9.0,Raven + Lily,OS
Simply Vera Vera Wang Lavender Crossbody Bag,22.0,Simply Vera Vera Wang,OS
Marc By Marc Jacobs Classic Q Jellybird Natasha Chromiumpink Faux Ostric…,129.0,Marc By Marc Jacobs,OS
Alan Stuart New York bag. New with tags,10.0,Alan Stuart,OS
Yves Saint Laurent perfums Black Canvas Tote with Gold YSL Emblem,100.0,Yves Saint Laurent,OS
BTB Los Angeles Maeve Crystal Hobo Bag,125.0,Btb Los Angeles,OS
Juicy Couture Wristlet,18.0,Juicy Couture,OS
Valentino Garavani Zipped Purse,600.0,Valentino Garavani,OS
Green Canvas Belted Tote Bag Gold Turn Lock Top Handle Quiet Luxury NWOT,44.0,Nike,OS
Vintage Estee Lauder Black Makeup Cosmetic Bag Travel Set,10.0,Estée Lauder,OS
GUESS Dark Brown Shoulder Handbag,100.0,Guess,OS
🎒NWT! Coach Sig COURT Backpack Tan/Brown CZ176 Msrp:$450.00,450.0,Coach,OS
Pebbled Tan Leather Buckle-Accent Wallet,49.0,Lancaster,OS
Betsey Johnson Black Faux Fur Crossbody with Gold Crown Detail,32.0,Betsey Johnson,OS
KING ARTHUR FLOUR Joy Tote Bag,8.0,King Arthur Flour,OS
Black Triple Zip Crossbody Bag Gold Chain Strap Everyday Shoulder Purse Travel,10.0,No Brand,OS
Ogio layer travel bag with wheels,75.0,OGIO,OS
Michael Kors Hamilton Black Medium Handbag,250.0,MICHAEL Michael Kors,OS
NWT Coach Id License Credit Card Wallet Refined Calf Leather Yellow CJ728,85.0,Coach,OS
Marc By Marc Jacobs Black Leather Wristlet with Gold Accent,35.0,Marc By Marc Jacobs,OS
Kate Spade Bag Purse Handbag Leather Holden Lainie Crossbody Satchel Shoulder,85.0,kate spade,OS
Myra Bag Mountain Heights Messenger Bag,99.0,Myra Bag,OS
NWOT - Stunning Silk Embroidered Quilt Bag with Tassel Tie Closure,60.0,Nike,16” L 9” depth 9” bottom 9.5” strap
Perlina drawstring black leather bag . Excellent condition like new,75.0,Perlina,OS
Marc Jacobs Brown Pebbled Leather Zip Wallet,85.0,Marc Jacobs,OS
Gucci Ophidia Zip Around Camera Crossbody Bag GG Coated Canvas Small,1250.0,Gucci,OS
Seven Days Vegan Leather Elegant Hunter Green Tote Bag,35.0,Nike,OS
Coach Checkbook Cover Signature CC Black Brown Leather & Canvas Classic,35.0,Coach,OS
Rag & Bone Leather & convoy waterproof Tote Bag,224.0,rag & bone,OS
Vintage💞EVENING beaded purse💞,31.0,n/a,"6,5""/6,5"""
Gucci GG Marmont Mini Nude Matelassé Chevron Leather Camera Crossbody Bag,500.0,Gucci,OS
Monserat De Lucca Belen Macrame Tote Bag - Navy Blue Beachy Boho‎,50.0,Monserat De Lucca,OS
Disney Parks Solid Red Lined Bag,25.0,Disney,OS
Reece Hudson clear clutch bag with rose petals‎,350.0,Reece Hudson,OS
Senreve Mini Maestra Bag Chianti Leather Tote Backpack Crossbody Satchel Red,427.0,Senreve,OS
Rains Rolltop Rucksack Backpack in Metallic Grey NWT,100.0,Rains,OS
Louis Vuitton Petite Malle Race print checker trunk crossbody leather LV bag,5175.0,Louis Vuitton,OS
Gucci Black Leather Bifold Wallet. 03515022134.,195.0,Gucci Plus,OS
Lilly Pulitzer Cosmetic Bag Gimme some legs,24.0,Lilly Pulitzer,Double Zip
Michael Kors Small PORTIA Tote/JET SET Small Flap ID Card Case Wallet 2pc,269.0,Michael Kors,OS
Wildfox Neoprene Weave Bag - $125 Retail - NWT - LARGE TOTE,125.0,Wildfox,OS
Authentic Coach  Black Leather Wristlet with  Silver Hardware,18.0,Coach,OS
BNWT German Fuentes Black Italian Leather Bag w/ Interchangeable Chain Strap,65.0,German Fuentes,OS
Wrangler Top Handle Embroidered Fringe Mini Tote/Crossbody - Pink-WG110-2022HPK,66.0,Wrangler,OS
Nina Ricci Shoulder Bag,199.0,Nina Ricci,OS
Oryany leather hobo designer handbag tote crossbody gold green purse bag zipper,129.0,orYANY,OS
Coach brown leather embossed c compact wallet,127.0,Coach,OS
Parker and Hyde crossbody Queen Bee bag‎,20.0,Parker & Hyde,OS
Coach Rainbow Signature Canvas Phone Crossbody Wallet (Style C9943) EUC,109.0,Coach,OS
"Chic Straw Clutch Purses for Women with Top Handle Summer Bag, Ideal Vacation Ha",55.0,Nike,OS
Michael Kors Jet Set Travel LG Flat MF Phone Case,96.0,Michael Kors,Large
"LOEWE Calfskin Small Puzzle Bag Stone Blue, Authentic w/COA.. Exellent Condition",1799.0,Loewe,OS
Disney Parks Loungefly Minnie Halloween 2021 Mini Backpack Orange Bow Mickey,60.0,Loungefly,OS
NWT Antik Kraft bag,37.0,Antik Kraft,OS
NWT Dagne Dover Dakota Backpack Medium Camel Neoprene Laptop Travel Bag,185.0,Dagne Dover,OS
Coach Tabby Black Shoulder Bag | Gold C Hardware,330.0,Coach,OS
Calvin Klein Beige Monogram Clutch,27.0,Calvin Klein,OS
Juicy Couture Leopard Print Double Zip Wallet with Heart Lock Charm,32.0,Juicy Couture,OS
Victoria's Secret VS PINK‎ Fashion Show Sequin Campus Backpack REVERSE SEQUIN,81.0,Victoria's Secret,OS
Coach Mickie Leather Drawstring Shoulder Bag With Chrome Good Condition  F37680,35.0,Coach,OS
"Kate Spade Madison Double Zip Wristlet Wallet Phone Case 
Platinum Grey Mult
NWT",59.0,kate spade,Large
Givenchy Quilted Burgundy Crossbody Bag with Gold Chain,358.0,Givenchy,OS
Colorful Crochet Tote‎ Bag,31.0,Nike,OS
Stella & Dot Convertible Duffle / Back Pack Blue Leopard,40.0,Stella & Dot,OS
multisac tote bag purse in great condition,12.0,Multisac,OS
Gucci Dollar Black Calfskin Interlocking G Logo Shoulder Bag W Gold Hardware,1075.0,Gucci,OS
Michael Kors Tote,160.0,Michael Kors,OS
BCBG Generation black and brown snake print clutch purse handbag‎ wallet,12.0,Nike,OS
PAJAR Convertible Mini Tote Quilted Crossbody  Bag in Black,50.0,Pajar,OS
Haute Shore Neoprene Camo Crossbody w/ Neon Striped Strap,29.0,HAUTE SHORE,OS
Michael Kors Large Continental Wallet Wristlet light Sky,82.0,Michael Kors,Large
KIPLING KADEN Multi Zip nylon backpack in Island Green Spectator color,38.0,Kipling,OS
Womens Sparkly Rhinestone Crystal Clutch Bag Glitter Sequin Bridal Purse Evening,71.0,Nike,OS
PurseN Litt Crossbody Bag Leopard Print,40.0,PurseN,OS
L.L. Bean Checkered Travel Bag With Removable Strap,30.0,L.L. Bean,Approx 14x10
Lacoste gift bag,12.0,Lacoste,OS
Yves Saint Laurent (YSL) Reversible Double Sac Y Tote,692.0,Yves Saint Laurent,OS
Coach Tan Snoopy Print Shoulder Bag,200.0,Coach,OS
NWT The Caroline Crossbody Bag Longhorn Cowhide Boho Ranch Turquoise Flower,90.0,Boho Ranch,OS
Victoria’s Secret Tote new,30.0,Victoria's Secret,OS
Vintage Mini Saddle Bag Brown Leather Boho Crossbody Purse,38.0,Vintage,OS
London Fog Lara Woven Black Flap Wallet.,15.0,London Fog,OS
Louis Vuitton Monogram Odeon GM bag vintage,1429.0,Louis Vuitton,OS
Rebecca Minkoff Colorblock Leather Crossboday Bag,37.0,Rebecca Minkoff,OS
NUDESTIX Black Hanging Cosmetic Travel Toiletry & MakeUp Bag,22.0,NUDESTIX,OS
Patricia Nash Lanza Crossbody Organizer featuring a front metal buckle and a key,100.0,Patricia Nash,9in x 6in x 3in
Coach black crossbody bag in black nylon,55.0,Coach,OS
Tiny VTG CHANEL Micro Necklace Purse RARE!,582.0,CHANEL,OS
Ed Hardy Pink Leopard Print Women's Shoulder Bag,44.0,Ed Hardy,OS
Sephora cosmetics bag,15.0,Sephora,OS
Vera Bradley‎ (Black/White/Pink) Coin Purse Women OS,12.0,Vera Bradley,OS
KAVU Mini Rope Bag in Pineapple Pirouette | NWT | Sling Crossbody,35.0,Kavu,OS
* NWOT Beaded Pink Striped Cocktail Motif Shoulder Bag,50.0,Handcrafted in India,OS
TUMI Voyageur Women’s Crossbody Bag,90.0,Tumi,OS
Madewell The Zip-Top Transport Crossbody Leather Bag,35.0,Madewell,OS
Trina Turk Sea Anemone Large Zip Around Wallet in Pink and Purple Floral - NWT,20.0,Trina Turk,OS
Patricia Nash Distressed Dark Taupe‎ Brown Camilla Shoulder,128.0,Patricia Nash,OS
Vintage Buxton Accordion Crossbody Wallet Leather Cell Pocket Detachable Strap,16.0,Buxton,OS
Kate Spade Insulated Navy Polka Dot Lunch Bag With Food Storage,55.0,kate spade,OS
GLO Tech Black Cosmetic Bag Set with Mirror,9.0,GLO jeans,OS
Cole Haan Pebble Leather Messenger Bag‎,40.0,Cole Haan,OS
Vtg RARE 50's Wooden Slat Handbag Clutch Peg Closure Leather Lined USA,32.0,Woody Hand Bags,OS
Kate Spade Dust Bag - Brown - Large size,22.0,kate spade,OS
Sunny Yellow Woven Tote with Bow Accent - Women Totes,25.0,Donna Dixon,OS
LL BEAN Vintage OWP-21 Crossbody Messenger Bag Black Tan Blue 10in.‎ x 8 in. GUC,30.0,L.L. Bean,OS
PINK CHEETAH PRINT Cosmetic Faux Fur Bag NWT GREAT GIFT!,13.0,Icecream,OS
Dooney & Bourke Nylon Large Domed Satchel Shoulder Overnight Bag Black Brown,275.0,Dooney & Bourke,OS
Gucci Handheld Shopping Bags Shoulder Bags,328.0,Gucci.,OS
NWT LC Lauren Conrad Half Moon Sequin Rose Gold Tan White Tweed Zip Pouch,25.0,LC Lauren Conrad,"3.5"" x 5"" x 1"""
Loungefly Disney Lilo Stitch Scrump Mint Floral Camera Crossbody Bag,45.0,Loungefly,OS
Vera Bradley Toucan Party Little Hipster,42.0,Vera Bradley,OS
Tory Burch Eleanor Small Shoulder Bag-Black,145.0,Tory Burch,OS
Dexter‎ Womens Black Pebbled Vinyl Tote Bag Shoulder Purse Top Stitch Large,28.0,Dexter,OS
La Regale Ivory Beaded Floral Lace Clutch with Chain,25.0,La Regale,OS
BNWT - True Religion Denim Quilted Crossbody or Shoulder Bag with Change Purse,85.0,True Religion,One Size
0459. Vintage Liz Claiborne ~ Crossbody Or Handle ~ Beautifully Beaded Purse ~,17.0,Liz Claiborne,OS
Michael Kors Large Trifold Wallet Vanilla/Brown,115.0,Michael Kors,OS
Vintage Coach burgundy red leather zip pouch bag,79.0,Coach,OS
Vintage Frenchy of California Women’s Mini pink pearl Top-Handle Crossbody Bag,20.0,Frenchy Of California,OS
Orange Red Yellow Multicolor Beach Shoulder Bag Button Closure W Accessory Bags,28.0,Unbranded,OS
Coach Signature Canvas Shoulder Bag in Black and Cream,128.0,Coach,OS
Nicole Miller Black and Cream Quilted Backpack with Brown Trim,20.0,Nicole Miller,OS
Sisley Bag,15.0,Nike,5” x 4” x 3”
Brahmin Vintage Brown Woven Leather Crossbody Bag Basket Weave Brass Hardware,74.0,Brahmin,OS
Vera‎ Bradley Essential Compact Sling backpack durable minimalist design black,26.0,Vera Bradley,OS
MCM Viseto 35cm Black Messenger Saddle Bag with COA. Made in Germany.,450.0,MCM,"14W x 10.5H x 8D inches. Strap 17.5 to 21"""
Coach Lexy Leather Shoulder Bag with Chain Straps Red Satchel Purse,93.0,Coach,OS
NWT Rampage Black Chevron Quilted Double Zip Crossbody Bag Gold Chain,35.0,Rampage,OS
Urban Expressions Olive Woven Shoulder Bag,28.0,Urban Expressions,OS
Dooney and Bourke Disney Parks White Sketch Character Cross Body Purse,90.0,Disney,OS
Elliott Lucca Metallic Champagne Braided-Handle Shoulder Bag,35.0,Elliott Lucca,OS
"Franco Sarto Cross Body Rex
Saddle Fringe Western Boho Bag
Tan Metal Accents",19.0,Franco Sarto,OS
Victoria Secret Floral Pink Tote Bag,12.0,Victoria's Secret,OS
Prada Box (BB32),33.0,Prada,~8.5*4.75*1.8 inches
NWT Trader Joe's Mini Insulated Tote Bag Orange & Green,16.0,Trader Joe'S,OS
RARE Michael Kors Nano/Mini Kirby Crossbody Satchel Purse +Dust Bag/Lock and Key,199.0,Michael Kors,OS
🦬 Y2K 2” Coach Walnut Leather Vintage Leather Hang Tag Replacement Fob Bag Charm,38.0,Coach,2”
"Haiku large brown pebbled tote bag, floral vinyl inset, green crossbody strap",28.0,Nike,OS
Jack and Sally Purple Wallet,32.0,Nike,OS
Prada Plate Quilted Tessuto Black/ Nylon Chain Shoulder Bag,450.0,Prada,OS
Genuine Leather Bucket Bag‎ 18cm Bone Off White Lock & Key Felt Insert New,72.0,Nike,OS
Handmade Denim Canvas Tote Bag With Cottage Core Grandma Core Cat Quilt Print,20.0,Nike,OS
Daniella Ortiz Burgundy Crocodile Embossed Genuine Leather Bag Round Handle Tote,186.0,Daniella Ortiz,OS
BANG! 5 Designs! Intricate Hand Crafted High Quality Beaded Crossbody Clutch,148.0,Nu Shuz,BANG
Baggallini Maroon Crossbody Lightweight Everyday RFID Shoulder Bag Wallet 8x5,20.0,Baggallini,OS
"EUC Purse: Crochet, Sack-Style, Snap Closure, Black Handbag",14.0,Saddle River,OS
Steve Madden Light Blue Quilted Nylon Crossbody Bag Logo Strap Y2K Purse Travel,18.0,Steve Madden,OS
Vera Bradley Black Quilted Cotton Satchel Handbag with Front Pockets,22.0,Vera Bradley,OS
Michael Kors Jules Large Metallic Gold Leather Drawstring Shoulder Bag,40.0,Michael Kors,OS
Nanette Lepore Orange Red Faux Suede Bucket Bag Braided Handle Crossbody Satchel,28.0,Nanette Lepore,OS
Juicy Couture Striped Canvas‎ Wristlet Pouch Mint Pink Paradise Makeup Bag NWOT,36.0,Juicy Couture,OS
Valentina Purple Genuine Italian Pebbled Leather crossbody/bag/phone/purse,28.0,Valentina,5 x 7 x2
Aldo Baro Top Handle Bag Crossbody Purse Jeweled Cat Cheetah Print,50.0,Aldo,OS
Upcycled Hermes dustbag crossbody Bag with Brown Trim,188.0,Handmade,OS
Coach Optic Chain-Accent Crossbody Bag #19730 11x12,65.0,Coach,11x12
Trader Joe's Mini Pastel Stripe Canvas Tote Bag Limited Edition (Green),19.0,Trader Joe'S,OS
Coach Ashton Bag Crossbody In Leather/Silver/Dark Cardinal Red CBJ01,189.0,​,OS
Y2K Vintage Guess White Handbag Purse Shoulder Bag,25.0,Guess,See Description for Sizes
NWT Victoria Secret Tan Carry All,32.0,Victoria's Secret,Medium
TUMI Alpha Bravo Women’s Crossbody Bag,85.0,None,OS
Michael Kors Zip Around Wallet Womens Monogram Logo Continental,45.0,Michael Kors,OS
COACH Triple Pill Case Pink Red White with Gold Trim VERY RARE!,99.0,Coach,OS
Michael Kors logo Cream Belted Bag |  with Signature Monogram | Sz S,30.0,Michael Kors,OS
Marc Jacobs Black Pebbled Leather Shoulder Bag with Striped Strap,150.0,Marc Jacobs,OS
Vintage 2002 Coach Legacy West Hobo 9823 Red Leather Y2K Shoulder Bag,192.0,Coach,OS
Lancome Summer Tote Bag Lined Pink Postcard Print‎ Vacation Resort Retro 17x15,8.0,Lancome,OS
Steve Madden Large Wallet Baby Blue Embossed Logo Zip Around Clutch,11.0,Steve Madden,OS
Kate Spade New York Black Pebbled Leather Flap Backpack,85.0,kate spade,OS
"Vintage Coach '90s Sonoma 4919 Leather ""Parchment"" Beige‎ about 6x8x3"" preloved",87.0,Coach,One Size
Pink Victoria Secret Metallic Pink Small Tote Lunch Bag,8.0,PINK Victoria's Secret,OS
NWT MICHAEL KORS CARMEN SMALL NORTH SOUTH PHONE XBODY FAIR AQUA SIGNATURE COLOR,136.0,Michael Kors,Small
Gucci Floral Canvas Tote Bag with Tan Accents,999.0,Nike,OS
BETSEY JOHNSON Ivory Pink Floral Big Bow Clutch Wristlet R $58,58.0,Betsey Johnson,OS
Ted Baker London Icon Floral Large Tote Bag - NWT,42.0,Ted Baker London,OS
Valentino Rockstud Leather Camera Bag [Like New],1256.0,Valentino Garavani,OS
KAVU Keeper Crossbody Bag Spring Hodgepodge Canvas Messenger‎ Purse 9117-962 NEW,23.0,Kavu,OS
NWT b.o.c. Born Concepts Farrell Hill Straw & Vegan Leather Satchel Crossbody Bg,28.0,Born Concept,OS
"Maeve Multicolor Beaded Shoulder Bag 
Fiona Geometric NA Neutral PA ALL",65.0,Maeve,OS
Vintage Mister Ernest Black Beaded Evening Bag Clutch Purse Gold Chain  50/60s,25.0,Mister Ernest,OS
"Coach Like New Shearling Pebble Leather
Wristlet Hot Pink F64709",75.0,Coach,"7.5""×4.5""X 1"""
NWT Mint Green Foldover Crossbody‎ Bag Tassel Clutch Vegan Leather Pastel Spring,8.0,L'Orcia,OS
Michael Kors Daria Large Satchel Bag Leather Light Cream,177.0,Michael Kors,large
Louis Vuitton Lussac Epi Leather Shoulder Bag w/COA included,685.0,Louis Vuitton,OS
Brighton Black Leather Ladybug Wallet,59.0,Brighton,OS
The Row Bag,335.0,The Row,OS
"MICHAEL KORS Fulton Small
Light Grey Leather Crossbody
Camera Bag Feminine",49.0,Michael Kors,OS
Coach Signature Strap Mini Camera Bag In Bold Pink,195.0,Coach,"71/4"" (L) × x51/4"" (H) x2"" (H)"
Beautiful 12 x 9 Rich red burgundy and purple Vietnamese silk quilted .,11.0,Nike,OS
"Adidas Alliance Sackpack – Drawstring Backpack for Sports, Small Gym Bag",14.0,adidas,OS
Bebe Bella Croco Satchel with Card Case Purse is not new.,25.0,bebe,"9""H x 12.75""W x 4""D"
Nike Just Do It Tote Bag‎ | Early 2000s | Light Blue | Unisex,15.0,Nike,OS